PARTICIPANT_ID,TEST_SECTION_ID,PRESS_TIME,RELEASE_TIME,DWELL_TIME,FLIGHT_TIME,OVERLAP_TIME,DIGRAPH_LATENCY,TRIGRAPH_LATENCY,IS_CORRECTION,IS_NAVIGATION,CTRL_BACKSPACE_PATTERN,ROLLING_WPM,RHYTHM_VARIANCE
2,1,1778930514,1778930514,0,0.0,0.0,0.0,0.0,0,0,0,0.0,0.0
2,1,1778930514,1778930515,1,0.0,0.0,0.0,0.0,0,0,0,0.0,0.0
2,1,1778930515,1778930515,0,0.0,0.0,1.0,1.0,0,0,0,0.0,0.0
2,1,1778930515,1778930515,0,0.0,0.0,0.0,1.0,0,0,0,0.0,0.0
2,1,1778930515,1778930515,0,0.0,0.0,0.0,0.0,0,0,0,0.0,0.0
2,1,1778930515,1778930515,0,0.0,0.0,0.0,0.0,0,0,0,0.0,0.0
2,1,1778930516,1778930517,1,1.0,0.0,1.0,1.0,1,0,0,0.0,0.408248290463863
2,1,1778930517,1778930517,0,0.0,0.0,1.0,2.0,0,0,0,0.0,0.37796447300922725
2,1,1778930517,1778930517,0,0.0,0.0,0.0,1.0,0,0,0,0.0,0.3535533905932738
2,1,1778930517,1778930517,0,0.0,0.0,0.0,0.0,0,0,0,0.0,0.33333333333333337
2,1,1778930517,1778930517,0,0.0,0.0,0.0,0.0,0,0,0,0.0,0.31622776601683794
2,1,1778930518,1778930518,0,1.0,0.0,1.0,1.0,0,0,0,0.0,0.4216370213557839
2,1,1778930518,1778930518,0,0.0,0.0,0.0,1.0,0,0,0,0.0,0.4216370213557839
2,1,1778930518,1778930518,0,0.0,0.0,0.0,0.0,0,0,0,0.0,0.4216370213557839
2,1,1778930519,1778930519,0,1.0,0.0,1.0,1.0,1,0,0,0.0,0.48304589153964794
2,1,1778930519,1778930519,0,0.0,0.0,0.0,1.0,0,0,0,0.0,0.48304589153964794
2,1,1778930519,1778930520,1,0.0,0.0,0.0,0.0,0,0,0,0.0,0.42163702135578396
2,1,1778930520,1778930520,0,0.0,0.0,1.0,1.0,0,0,0,0.0,0.42163702135578396
2,1,1778930520,1778930520,0,0.0,0.0,0.0,1.0,0,0,0,0.0,0.42163702135578396
2,1,1778930520,1778930520,0,0.0,0.0,0.0,0.0,0,0,0,0.0,0.42163702135578396
2,1,1778930520,1778930520,0,0.0,0.0,0.0,0.0,0,0,0,0.0,0.42163702135578396
2,1,1778930521,1778930521,0,1.0,0.0,1.0,1.0,1,0,0,0.0,0.42163702135578396
2,1,1778930521,1778930522,1,0.0,0.0,0.0,1.0,0,0,0,0.0,0.42163702135578396
2,1,1778930522,1778930522,0,0.0,0.0,1.0,1.0,0,0,0,0.0,0.42163702135578396
2,1,1778930522,1778930522,0,0.0,0.0,0.0,1.0,0,0,0,0.0,0.31622776601683794
2,1,1778930522,1778930522,0,0.0,0.0,0.0,0.0,0,0,0,37500.0,0.31622776601683794
2,1,1778930522,1778930522,0,0.0,0.0,0.0,0.0,1,0,0,37500.0,0.31622776601683794
2,1,1778930523,1778930523,0,1.0,0.0,1.0,1.0,0,0,0,37500.0,0.42163702135578396
2,1,1778930523,1778930523,0,0.0,0.0,0.0,1.0,0,0,0,37500.0,0.42163702135578396
2,1,1778930523,1778930523,0,0.0,0.0,0.0,0.0,0,0,0,37500.0,0.42163702135578396
2,1,1778930523,1778930523,0,0.0,0.0,0.0,0.0,0,0,0,37500.0,0.42163702135578396
2,1,1778930523,1778930523,0,0.0,0.0,0.0,0.0,0,0,0,42857.142857142855,0.31622776601683794
2,1,1778930523,1778930524,1,0.0,0.0,0.0,0.0,0,0,0,50000.0,0.31622776601683794
2,1,1778930524,1778930524,0,0.0,0.0,1.0,1.0,0,0,0,42857.142857142855,0.31622776601683794
2,1,1778930524,1778930524,0,0.0,0.0,0.0,1.0,0,0,0,42857.142857142855,0.31622776601683794
2,1,1778930524,1778930524,0,0.0,0.0,0.0,0.0,0,0,0,42857.142857142855,0.31622776601683794
2,1,1778930524,1778930524,0,0.0,0.0,0.0,0.0,0,0,0,50000.0,0.31622776601683794
2,1,1778930524,1778930524,0,0.0,0.0,0.0,0.0,0,0,0,50000.0,0.0
2,1,1778930524,1778930524,0,0.0,0.0,0.0,0.0,0,0,0,50000.0,0.0
2,1,1778930524,1778930524,0,0.0,0.0,0.0,0.0,0,0,0,60000.0,0.0
2,1,1778930524,1778930524,0,0.0,0.0,0.0,0.0,0,0,0,60000.0,0.0
2,1,1778930525,1778930525,0,1.0,0.0,1.0,1.0,0,0,0,50000.0,0.31622776601683794
2,1,1778930525,1778930525,0,0.0,0.0,0.0,1.0,0,0,0,60000.0,0.31622776601683794
2,1,1778930525,1778930525,0,0.0,0.0,0.0,0.0,0,0,0,60000.0,0.31622776601683794
2,1,1778930526,1778930526,0,1.0,0.0,1.0,1.0,0,0,0,50000.0,0.4216370213557839
2,1,1778930526,1778930526,0,0.0,0.0,0.0,1.0,0,0,0,50000.0,0.4216370213557839
2,1,1778930526,1778930526,0,0.0,0.0,0.0,0.0,0,0,0,60000.0,0.4216370213557839
2,1,1778930526,1778930526,0,0.0,0.0,0.0,0.0,0,0,0,60000.0,0.4216370213557839
2,1,1778930527,1778930527,0,1.0,0.0,1.0,1.0,0,0,0,60000.0,0.48304589153964794
2,1,1778930527,1778930527,0,0.0,0.0,0.0,1.0,0,0,0,60000.0,0.48304589153964794
2,1,1778930527,1778930527,0,0.0,0.0,0.0,0.0,0,0,0,60000.0,0.48304589153964794
2,1,1778930527,1778930527,0,0.0,0.0,0.0,0.0,0,0,0,60000.0,0.42163702135578396
2,1,1778930527,1778930527,0,0.0,0.0,0.0,0.0,0,0,0,75000.0,0.42163702135578396
2,1,1778930527,1778930528,1,0.0,0.0,0.0,0.0,0,0,0,75000.0,0.42163702135578396
2,1,1778930528,1778930529,1,0.0,0.0,1.0,1.0,0,0,0,60000.0,0.316227766016838
2,1,1778930529,1778930529,0,0.0,0.0,1.0,2.0,0,0,0,50000.0,0.316227766016838
2,1,1778930529,1778930529,0,0.0,0.0,0.0,1.0,0,0,0,50000.0,0.316227766016838
2,1,1778930529,1778930529,0,0.0,0.0,0.0,0.0,0,0,0,50000.0,0.316227766016838
2,1,1778930529,1778930529,0,0.0,0.0,0.0,0.0,0,0,0,60000.0,0.0
2,1,1778930530,1778930530,0,1.0,0.0,1.0,1.0,0,0,0,50000.0,0.31622776601683794
2,1,1778930530,1778930530,0,0.0,0.0,0.0,1.0,0,0,0,50000.0,0.31622776601683794
2,1,1778930530,1778930530,0,0.0,0.0,0.0,0.0,0,0,0,50000.0,0.31622776601683794
2,1,1778930531,1778930531,0,1.0,0.0,1.0,1.0,0,0,0,42857.142857142855,0.4216370213557839
2,1,1778930531,1778930531,0,0.0,0.0,0.0,1.0,0,0,0,42857.142857142855,0.4216370213557839
2,1,1778930531,1778930531,0,0.0,0.0,0.0,0.0,0,0,0,42857.142857142855,0.4216370213557839
2,1,1778930531,1778930531,0,0.0,0.0,0.0,0.0,0,0,0,42857.142857142855,0.4216370213557839
2,1,1778930532,1778930532,0,1.0,0.0,1.0,1.0,0,0,0,42857.142857142855,0.48304589153964794
2,1,1778930532,1778930532,0,0.0,0.0,0.0,1.0,0,0,0,42857.142857142855,0.48304589153964794
2,1,1778930532,1778930532,0,0.0,0.0,0.0,0.0,0,0,0,42857.142857142855,0.48304589153964794
2,1,1778930532,1778930532,0,0.0,0.0,0.0,0.0,0,0,0,50000.0,0.42163702135578396
2,1,1778930532,1778930533,1,0.0,0.0,0.0,0.0,0,0,0,50000.0,0.42163702135578396
2,1,1778930533,1778930533,0,0.0,0.0,1.0,1.0,0,0,0,42857.142857142855,0.42163702135578396
2,1,1778930533,1778930533,0,0.0,0.0,0.0,1.0,0,0,0,42857.142857142855,0.316227766016838
2,1,1778930533,1778930533,0,0.0,0.0,0.0,0.0,0,0,0,50000.0,0.316227766016838
2,1,1778930533,1778930533,0,0.0,0.0,0.0,0.0,0,0,0,50000.0,0.316227766016838
2,1,1778930533,1778930533,0,0.0,0.0,0.0,0.0,0,0,0,50000.0,0.316227766016838
2,1,1778930534,1778930534,0,1.0,0.0,1.0,1.0,0,0,0,42857.142857142855,0.31622776601683794
2,1,1778930534,1778930534,0,0.0,0.0,0.0,1.0,0,0,0,42857.142857142855,0.31622776601683794
2,1,1778930534,1778930534,0,0.0,0.0,0.0,0.0,0,0,0,42857.142857142855,0.31622776601683794
2,1,1778930534,1778930534,0,0.0,0.0,0.0,0.0,0,0,0,50000.0,0.31622776601683794
2,1,1778930534,1778930534,0,0.0,0.0,0.0,0.0,0,0,0,60000.0,0.31622776601683794
2,1,1778930534,1778930534,0,0.0,0.0,0.0,0.0,0,0,0,60000.0,0.31622776601683794
2,1,1778930534,1778930535,1,0.0,0.0,0.0,0.0,0,0,0,60000.0,0.31622776601683794
2,1,1778930535,1778930535,0,0.0,0.0,1.0,1.0,0,0,0,50000.0,0.31622776601683794
2,1,1778930535,1778930535,0,0.0,0.0,0.0,1.0,0,0,0,60000.0,0.31622776601683794
2,1,1778930535,1778930535,0,0.0,0.0,0.0,0.0,0,0,0,60000.0,0.31622776601683794
2,1,1778930535,1778930535,0,0.0,0.0,0.0,0.0,0,0,0,60000.0,0.0
2,1,1778930535,1778930535,0,0.0,0.0,0.0,0.0,0,0,0,75000.0,0.0
2,1,1778930535,1778930535,0,0.0,0.0,0.0,0.0,0,0,0,75000.0,0.0
2,1,1778930536,1778930536,0,1.0,0.0,1.0,1.0,0,0,0,60000.0,0.31622776601683794
2,1,1778930536,1778930536,0,0.0,0.0,0.0,1.0,0,0,0,60000.0,0.31622776601683794
2,1,1778930536,1778930536,0,0.0,0.0,0.0,0.0,0,0,0,75000.0,0.31622776601683794
2,1,1778930536,1778930536,0,0.0,0.0,0.0,0.0,0,0,0,75000.0,0.31622776601683794
2,1,1778930536,1778930537,1,0.0,0.0,0.0,0.0,0,0,0,75000.0,0.31622776601683794
2,1,1778930537,1778930537,0,0.0,0.0,1.0,1.0,0,0,0,60000.0,0.31622776601683794
2,1,1778930537,1778930537,0,0.0,0.0,0.0,1.0,0,0,0,60000.0,0.31622776601683794
2,1,1778930537,1778930537,0,0.0,0.0,0.0,0.0,0,0,0,75000.0,0.31622776601683794
2,1,1778930537,1778930537,0,0.0,0.0,0.0,0.0,0,0,0,75000.0,0.31622776601683794
2,1,1778930537,1778930537,0,0.0,0.0,0.0,0.0,0,0,0,75000.0,0.31622776601683794
2,1,1778930538,1778930538,0,1.0,0.0,1.0,1.0,0,0,0,60000.0,0.31622776601683794
2,1,1778930538,1778930538,0,0.0,0.0,0.0,1.0,0,0,0,60000.0,0.31622776601683794
2,1,1778930538,1778930538,0,0.0,0.0,0.0,0.0,0,0,0,75000.0,0.31622776601683794
2,1,1778930538,1778930538,0,0.0,0.0,0.0,0.0,0,0,0,75000.0,0.31622776601683794
2,1,1778930538,1778930538,0,0.0,0.0,0.0,0.0,0,0,0,75000.0,0.31622776601683794
2,1,1778930539,1778930539,0,1.0,0.0,1.0,1.0,0,0,0,60000.0,0.4216370213557839
2,1,1778930539,1778930539,0,0.0,0.0,0.0,1.0,0,0,0,60000.0,0.4216370213557839
2,1,1778930539,1778930539,0,0.0,0.0,0.0,0.0,0,0,0,60000.0,0.4216370213557839
2,1,1778930539,1778930539,0,0.0,0.0,0.0,0.0,0,0,0,60000.0,0.4216370213557839
2,1,1778930539,1778930539,0,0.0,0.0,0.0,0.0,0,0,0,75000.0,0.4216370213557839
2,1,1778930539,1778930540,1,0.0,0.0,0.0,0.0,0,0,0,75000.0,0.31622776601683794
2,1,1778930540,1778930540,0,0.0,0.0,1.0,1.0,0,0,0,60000.0,0.31622776601683794
2,1,1778930540,1778930540,0,0.0,0.0,0.0,1.0,0,0,0,60000.0,0.31622776601683794
2,1,1778930540,1778930540,0,0.0,0.0,0.0,0.0,0,0,0,60000.0,0.31622776601683794
2,1,1778930540,1778930540,0,0.0,0.0,0.0,0.0,0,0,0,60000.0,0.31622776601683794
2,1,1778930540,1778930540,0,0.0,0.0,0.0,0.0,0,0,0,75000.0,0.0
2,1,1778930540,1778930540,0,0.0,0.0,0.0,0.0,0,0,0,75000.0,0.0
2,1,1778930540,1778930540,0,0.0,0.0,0.0,0.0,0,0,0,75000.0,0.0
2,1,1778930540,1778930540,0,0.0,0.0,0.0,0.0,0,0,0,75000.0,0.0
2,1,1778930541,1778930541,0,1.0,0.0,1.0,1.0,0,0,0,60000.0,0.31622776601683794
2,1,1778930541,1778930541,0,0.0,0.0,0.0,1.0,0,0,0,75000.0,0.31622776601683794
2,1,1778930542,1778930542,0,1.0,0.0,1.0,1.0,0,0,0,60000.0,0.4216370213557839
2,1,1778930543,1778930543,0,1.0,0.0,1.0,2.0,0,0,0,50000.0,0.48304589153964794
2,1,1778930543,1778930543,0,0.0,0.0,0.0,1.0,0,0,0,50000.0,0.48304589153964794
2,1,1778930543,1778930543,0,0.0,0.0,0.0,0.0,0,0,0,50000.0,0.48304589153964794
2,1,1778930543,1778930543,0,0.0,0.0,0.0,0.0,0,0,0,60000.0,0.48304589153964794
2,1,1778930543,1778930543,0,0.0,0.0,0.0,0.0,0,0,0,60000.0,0.48304589153964794
2,1,1778930543,1778930543,0,0.0,0.0,0.0,0.0,0,0,0,60000.0,0.48304589153964794
2,1,1778930543,1778930543,0,0.0,0.0,0.0,0.0,0,0,0,60000.0,0.48304589153964794
2,1,1778930543,1778930544,1,0.0,0.0,0.0,0.0,0,0,0,60000.0,0.42163702135578396
2,1,1778930544,1778930544,0,0.0,0.0,1.0,1.0,0,0,0,60000.0,0.42163702135578396
2,1,1778930544,1778930544,0,0.0,0.0,0.0,1.0,0,0,0,60000.0,0.316227766016838
2,1,1778930544,1778930544,0,0.0,0.0,0.0,0.0,0,0,0,60000.0,0.0
2,1,1778930544,1778930544,0,0.0,0.0,0.0,0.0,0,0,0,60000.0,0.0
2,1,1778930544,1778930544,0,0.0,0.0,0.0,0.0,0,0,0,60000.0,0.0
2,1,1778930544,1778930544,0,0.0,0.0,0.0,0.0,0,0,0,60000.0,0.0
2,1,1778930545,1778930545,0,1.0,0.0,1.0,1.0,0,0,0,60000.0,0.31622776601683794
2,1,1778930545,1778930545,0,0.0,0.0,0.0,1.0,0,0,0,60000.0,0.31622776601683794
2,1,1778930545,1778930545,0,0.0,0.0,0.0,0.0,0,0,0,60000.0,0.31622776601683794
2,1,1778930545,1778930545,0,0.0,0.0,0.0,0.0,0,0,0,60000.0,0.31622776601683794
2,1,1778930545,1778930545,0,0.0,0.0,0.0,0.0,0,0,0,60000.0,0.31622776601683794
2,1,1778930545,1778930545,0,0.0,0.0,0.0,0.0,0,0,0,60000.0,0.31622776601683794
2,1,1778930559,1778930559,0,14.0,0.0,14.0,14.0,1,0,0,15789.473684210527,4.403281604540969
2,1,1778930560,1778930560,0,1.0,0.0,1.0,15.0,0,0,0,15000.0,4.376706016578627
2,1,1778930560,1778930560,0,0.0,0.0,0.0,1.0,0,0,0,15789.473684210527,4.376706016578627
2,1,1778930560,1778930560,0,0.0,0.0,0.0,0.0,0,0,0,15789.473684210527,4.376706016578627
2,1,1778930561,1778930561,0,1.0,0.0,1.0,1.0,0,0,0,15789.473684210527,4.376706016578627
2,1,1778930561,1778930561,0,0.0,0.0,0.0,1.0,0,0,0,16666.666666666668,4.376706016578627
2,1,1778930561,1778930561,0,0.0,0.0,0.0,0.0,0,0,0,16666.666666666668,4.376706016578627
2,1,1778930562,1778930562,0,1.0,0.0,1.0,1.0,0,0,0,15789.473684210527,4.347413023856832
2,1,1778930562,1778930562,0,0.0,0.0,0.0,1.0,0,0,0,15789.473684210527,4.347413023856832
2,1,1778930562,1778930562,0,0.0,0.0,0.0,0.0,0,0,0,15789.473684210527,4.347413023856832
2,1,1778930562,1778930562,0,0.0,0.0,0.0,0.0,0,0,0,15789.473684210527,0.4830458915396512
2,1,1778930562,1778930562,0,0.0,0.0,0.0,0.0,0,0,0,15789.473684210527,0.4216370213557877
2,1,1778930562,1778930562,0,0.0,0.0,0.0,0.0,0,0,0,15789.473684210527,0.4216370213557877
2,1,1778930563,1778930563,0,1.0,0.0,1.0,1.0,0,0,0,15789.473684210527,0.4830458915396512
2,1,1778930563,1778930563,0,0.0,0.0,0.0,1.0,0,0,0,15789.473684210527,0.4216370213557877
2,1,1778930563,1778930563,0,0.0,0.0,0.0,0.0,0,0,0,15789.473684210527,0.4216370213557877
2,1,1778930563,1778930563,0,0.0,0.0,0.0,0.0,0,0,0,15789.473684210527,0.4216370213557877
2,1,1778930564,1778930564,0,1.0,0.0,1.0,1.0,0,0,0,15000.0,0.4216370213557877
2,1,1778930564,1778930564,0,0.0,0.0,0.0,1.0,0,0,0,15000.0,0.4216370213557877
2,1,1778930564,1778930564,0,0.0,0.0,0.0,0.0,0,0,0,15789.473684210527,0.4216370213557877
2,1,1778930564,1778930564,0,0.0,0.0,0.0,0.0,0,0,0,15789.473684210527,0.4216370213557877
2,1,1778930564,1778930564,0,0.0,0.0,0.0,0.0,0,0,0,15789.473684210527,0.4216370213557877
2,1,1778930564,1778930565,1,0.0,0.0,0.0,0.0,0,0,0,15789.473684210527,0.4216370213557877
2,1,1778930565,1778930565,0,0.0,0.0,1.0,1.0,0,0,0,15000.0,0.31622776601684305
2,1,1778930565,1778930565,0,0.0,0.0,0.0,1.0,0,0,0,15000.0,0.31622776601684305
2,1,1778930565,1778930565,0,0.0,0.0,0.0,0.0,0,0,0,50000.0,0.31622776601684305
2,1,1778930565,1778930565,0,0.0,0.0,0.0,0.0,0,0,0,60000.0,0.31622776601684305
2,1,1778930565,1778930565,0,0.0,0.0,0.0,0.0,0,0,0,60000.0,0.0
2,1,1778930565,1778930565,0,0.0,0.0,0.0,0.0,0,0,0,60000.0,0.0
2,1,1778930565,1778930565,0,0.0,0.0,0.0,0.0,0,0,0,75000.0,0.0
2,1,1778930566,1778930566,0,1.0,0.0,1.0,1.0,0,0,0,60000.0,0.31622776601683794
2,1,1778930566,1778930566,0,0.0,0.0,0.0,1.0,0,0,0,60000.0,0.31622776601683794
2,1,1778930566,1778930566,0,0.0,0.0,0.0,0.0,0,0,0,75000.0,0.31622776601683794
2,1,1778930566,1778930566,0,0.0,0.0,0.0,0.0,0,0,0,75000.0,0.31622776601683794
2,1,1778930566,1778930566,0,0.0,0.0,0.0,0.0,0,0,0,75000.0,0.31622776601683794
2,1,1778930566,1778930567,1,0.0,0.0,0.0,0.0,0,0,0,75000.0,0.31622776601683794
2,1,1778930567,1778930567,0,0.0,0.0,1.0,1.0,0,0,0,60000.0,0.31622776601683794
2,1,1778930567,1778930567,0,0.0,0.0,0.0,1.0,0,0,0,60000.0,0.31622776601683794
2,1,1778930567,1778930568,1,0.0,0.0,0.0,0.0,0,0,0,75000.0,0.31622776601683794
2,1,1778930568,1778930568,0,0.0,0.0,1.0,1.0,0,0,0,60000.0,0.31622776601683794
2,1,1778930568,1778930568,0,0.0,0.0,0.0,1.0,0,0,0,60000.0,0.0
2,1,1778930568,1778930568,0,0.0,0.0,0.0,0.0,0,0,0,60000.0,0.0
2,1,1778930568,1778930568,0,0.0,0.0,0.0,0.0,0,0,0,75000.0,0.0
2,1,1778930568,1778930568,0,0.0,0.0,0.0,0.0,0,0,0,75000.0,0.0
2,1,1778930568,1778930568,0,0.0,0.0,0.0,0.0,0,0,0,75000.0,0.0
2,1,1778930568,1778930568,0,0.0,0.0,0.0,0.0,0,0,0,75000.0,0.0
2,1,1778930569,1778930569,0,1.0,0.0,1.0,1.0,0,0,0,60000.0,0.31622776601683794
2,1,1778930569,1778930569,0,0.0,0.0,0.0,1.0,0,0,0,60000.0,0.31622776601683794
2,1,1778930569,1778930569,0,0.0,0.0,0.0,0.0,0,0,0,75000.0,0.31622776601683794
2,1,1778930569,1778930569,0,0.0,0.0,0.0,0.0,0,0,0,75000.0,0.31622776601683794
2,1,1778930569,1778930569,0,0.0,0.0,0.0,0.0,0,0,0,75000.0,0.31622776601683794
2,1,1778930569,1778930569,0,0.0,0.0,0.0,0.0,0,0,0,75000.0,0.31622776601683794
2,1,1778930569,1778930570,1,0.0,0.0,0.0,0.0,0,0,0,75000.0,0.31622776601683794
2,1,1778930569,1778930570,1,-1.0,1.0,0.0,0.0,0,0,0,75000.0,0.4714045207910317
2,1,1778930570,1778930570,0,0.0,0.0,1.0,1.0,0,0,0,60000.0,0.4714045207910317
2,1,1778930570,1778930570,0,0.0,0.0,0.0,1.0,0,0,0,75000.0,0.4714045207910317
2,1,1778930570,1778930570,0,0.0,0.0,0.0,0.0,0,0,0,75000.0,0.31622776601683794
2,1,1778930570,1778930570,0,0.0,0.0,0.0,0.0,0,0,0,75000.0,0.31622776601683794
2,1,1778930570,1778930570,0,0.0,0.0,0.0,0.0,0,0,0,75000.0,0.31622776601683794
2,1,1778930570,1778930570,0,0.0,0.0,0.0,0.0,0,0,0,75000.0,0.31622776601683794
2,1,1778930570,1778930571,1,0.0,0.0,0.0,0.0,0,0,0,75000.0,0.31622776601683794
2,1,1778930571,1778930571,0,0.0,0.0,1.0,1.0,0,0,0,75000.0,0.31622776601683794
2,1,1778930571,1778930571,0,0.0,0.0,0.0,1.0,0,0,0,75000.0,0.31622776601683794
2,1,1778930571,1778930571,0,0.0,0.0,0.0,0.0,0,0,0,75000.0,0.0
2,1,1778930571,1778930571,0,0.0,0.0,0.0,0.0,0,0,0,100000.0,0.0
2,1,1778930571,1778930571,0,0.0,0.0,0.0,0.0,0,0,0,100000.0,0.0
2,1,1778930571,1778930571,0,0.0,0.0,0.0,0.0,0,0,0,100000.0,0.0
2,1,1778930572,1778930572,0,1.0,0.0,1.0,1.0,0,0,0,75000.0,0.31622776601683794
2,1,1778930572,1778930572,0,0.0,0.0,0.0,1.0,0,0,0,75000.0,0.31622776601683794
2,1,1778930572,1778930572,0,0.0,0.0,0.0,0.0,0,0,0,75000.0,0.31622776601683794
2,1,1778930572,1778930572,0,0.0,0.0,0.0,0.0,0,0,0,75000.0,0.31622776601683794
2,1,1778930574,1778930575,1,2.0,0.0,2.0,2.0,0,0,0,60000.0,0.6749485577105528
2,1,1778930575,1778930575,0,0.0,0.0,1.0,3.0,0,0,0,50000.0,0.6749485577105528
2,1,1778930575,1778930575,0,0.0,0.0,0.0,1.0,0,0,0,50000.0,0.6749485577105528
2,1,1778930575,1778930575,0,0.0,0.0,0.0,0.0,0,0,0,50000.0,0.6749485577105528
2,1,1778930575,1778930575,0,0.0,0.0,0.0,0.0,0,0,0,50000.0,0.6749485577105528
2,1,1778930575,1778930575,0,0.0,0.0,0.0,0.0,0,0,0,50000.0,0.6749485577105528
2,1,1778930575,1778930575,0,0.0,0.0,0.0,0.0,0,0,0,50000.0,0.6324555320336759
2,1,1778930575,1778930575,0,0.0,0.0,0.0,0.0,0,0,0,50000.0,0.6324555320336759
2,1,1778930576,1778930576,0,1.0,0.0,1.0,1.0,0,0,0,50000.0,0.6749485577105528
2,1,1778930576,1778930576,0,0.0,0.0,0.0,1.0,0,0,0,50000.0,0.6749485577105528
2,1,1778930576,1778930576,0,0.0,0.0,0.0,0.0,0,0,0,50000.0,0.31622776601683794
2,1,1778930576,1778930576,0,0.0,0.0,0.0,0.0,0,0,0,50000.0,0.31622776601683794
2,1,1778930576,1778930576,0,0.0,0.0,0.0,0.0,0,0,0,50000.0,0.31622776601683794
2,1,1778930576,1778930576,0,0.0,0.0,0.0,0.0,0,0,0,50000.0,0.31622776601683794
2,1,1778930576,1778930577,1,0.0,0.0,0.0,0.0,0,0,0,50000.0,0.31622776601683794
2,1,1778930577,1778930577,0,0.0,0.0,1.0,1.0,0,0,0,50000.0,0.31622776601683794
2,1,1778930577,1778930577,0,0.0,0.0,0.0,1.0,0,0,0,50000.0,0.31622776601683794
2,1,1778930577,1778930577,0,0.0,0.0,0.0,0.0,0,0,0,50000.0,0.31622776601683794
2,1,1778930577,1778930577,0,0.0,0.0,0.0,0.0,0,0,0,50000.0,0.0
2,1,1778930577,1778930577,0,0.0,0.0,0.0,0.0,0,0,0,50000.0,0.0
2,1,1778930577,1778930577,0,0.0,0.0,0.0,0.0,0,0,0,50000.0,0.0
2,1,1778930577,1778930577,0,0.0,0.0,0.0,0.0,0,0,0,60000.0,0.0
2,1,1778930577,1778930577,0,0.0,0.0,0.0,0.0,0,0,0,60000.0,0.0
2,1,1778930577,1778930578,1,0.0,0.0,0.0,0.0,0,0,0,60000.0,0.0
2,1,1778930578,1778930578,0,0.0,0.0,1.0,1.0,0,0,0,50000.0,0.0
2,1,1778930578,1778930578,0,0.0,0.0,0.0,1.0,0,0,0,75000.0,0.0
2,1,1778930578,1778930578,0,0.0,0.0,0.0,0.0,0,0,0,100000.0,0.0
2,1,1778930578,1778930578,0,0.0,0.0,0.0,0.0,0,0,0,100000.0,0.0
2,1,1778930578,1778930578,0,0.0,0.0,0.0,0.0,0,0,0,100000.0,0.0
2,1,1778930578,1778930578,0,0.0,0.0,0.0,0.0,0,0,0,100000.0,0.0
2,1,1778930578,1778930578,0,0.0,0.0,0.0,0.0,0,0,0,100000.0,0.0
2,1,1778930578,1778930578,0,0.0,0.0,0.0,0.0,0,0,0,100000.0,0.0
2,1,1778930578,1778930578,0,0.0,0.0,0.0,0.0,0,0,0,100000.0,0.0
2,1,1778930579,1778930579,0,1.0,0.0,1.0,1.0,0,0,0,100000.0,0.31622776601683794
2,1,1778930579,1778930579,0,0.0,0.0,0.0,1.0,0,0,0,100000.0,0.31622776601683794
2,1,1778930579,1778930579,0,0.0,0.0,0.0,0.0,0,0,0,100000.0,0.31622776601683794
2,1,1778930579,1778930579,0,0.0,0.0,0.0,0.0,0,0,0,100000.0,0.31622776601683794
2,1,1778930579,1778930579,0,0.0,0.0,0.0,0.0,0,0,0,100000.0,0.31622776601683794
2,1,1778930579,1778930579,0,0.0,0.0,0.0,0.0,0,0,0,100000.0,0.31622776601683794
2,1,1778930579,1778930579,0,0.0,0.0,0.0,0.0,0,0,0,100000.0,0.31622776601683794
2,1,1778930579,1778930579,0,0.0,0.0,0.0,0.0,0,0,0,150000.0,0.31622776601683794
2,1,1778930579,1778930579,0,0.0,0.0,0.0,0.0,0,0,0,150000.0,0.31622776601683794
2,1,1778930580,1778930580,0,1.0,0.0,1.0,1.0,0,0,0,100000.0,0.4216370213557839
2,1,1778930580,1778930580,0,0.0,0.0,0.0,1.0,0,0,0,100000.0,0.31622776601683794
2,1,1778930580,1778930580,0,0.0,0.0,0.0,0.0,0,0,0,100000.0,0.31622776601683794
2,1,1778930581,1778930581,0,1.0,0.0,1.0,1.0,0,0,0,75000.0,0.4216370213557839
2,1,1778930581,1778930581,0,0.0,0.0,0.0,1.0,0,0,0,75000.0,0.4216370213557839
2,1,1778930581,1778930581,0,0.0,0.0,0.0,0.0,0,0,0,75000.0,0.4216370213557839
2,1,1778930581,1778930581,0,0.0,0.0,0.0,0.0,0,0,0,75000.0,0.4216370213557839
2,1,1778930581,1778930581,0,0.0,0.0,0.0,0.0,0,0,0,100000.0,0.4216370213557839
2,1,1778930581,1778930581,0,0.0,0.0,0.0,0.0,0,0,0,100000.0,0.4216370213557839
2,1,1778930581,1778930581,0,0.0,0.0,0.0,0.0,0,0,0,100000.0,0.4216370213557839
2,1,1778930581,1778930581,0,0.0,0.0,0.0,0.0,0,0,0,100000.0,0.31622776601683794
2,1,1778930582,1778930582,0,1.0,0.0,1.0,1.0,0,0,0,75000.0,0.4216370213557839
2,1,1778930582,1778930582,0,0.0,0.0,0.0,1.0,0,0,0,75000.0,0.4216370213557839
2,1,1778930582,1778930582,0,0.0,0.0,0.0,0.0,0,0,0,75000.0,0.31622776601683794
2,1,1778930582,1778930582,0,0.0,0.0,0.0,0.0,0,0,0,75000.0,0.31622776601683794
2,1,1778930582,1778930582,0,0.0,0.0,0.0,0.0,0,0,0,75000.0,0.31622776601683794
2,1,1778930582,1778930582,0,0.0,0.0,0.0,0.0,0,0,0,100000.0,0.31622776601683794
2,1,1778930582,1778930582,0,0.0,0.0,0.0,0.0,0,0,0,100000.0,0.31622776601683794
2,1,1778930583,1778930584,1,1.0,0.0,1.0,1.0,1,0,0,75000.0,0.4216370213557839
2,1,1778930584,1778930584,0,0.0,0.0,1.0,2.0,0,0,0,60000.0,0.4216370213557839
2,1,1778930585,1778930585,0,1.0,0.0,1.0,2.0,0,0,0,50000.0,0.48304589153964794
2,1,1778930585,1778930585,0,0.0,0.0,0.0,1.0,0,0,0,50000.0,0.42163702135578396
2,1,1778930585,1778930585,0,0.0,0.0,0.0,0.0,0,0,0,50000.0,0.42163702135578396
2,1,1778930585,1778930585,0,0.0,0.0,0.0,0.0,0,0,0,50000.0,0.42163702135578396
2,1,1778930585,1778930586,1,0.0,0.0,0.0,0.0,0,0,0,50000.0,0.42163702135578396
2,1,1778930585,1778930586,1,-1.0,1.0,0.0,0.0,0,0,0,60000.0,0.5676462121975467
2,1,1778930586,1778930586,0,0.0,0.0,1.0,1.0,0,0,0,50000.0,0.5676462121975467
2,1,1778930586,1778930586,0,0.0,0.0,0.0,1.0,0,0,0,50000.0,0.5676462121975467
2,1,1778930586,1778930586,0,0.0,0.0,0.0,0.0,0,0,0,60000.0,0.47140452079103173
2,1,1778930586,1778930586,0,0.0,0.0,0.0,0.0,0,0,0,60000.0,0.47140452079103173
2,1,1778930586,1778930586,0,0.0,0.0,0.0,0.0,0,0,0,60000.0,0.316227766016838
2,1,1778930586,1778930586,0,0.0,0.0,0.0,0.0,0,0,0,60000.0,0.316227766016838
2,1,1778930586,1778930586,0,0.0,0.0,0.0,0.0,0,0,0,60000.0,0.316227766016838
2,1,1778930586,1778930587,1,0.0,0.0,0.0,0.0,0,0,0,60000.0,0.316227766016838
2,1,1778930587,1778930587,0,0.0,0.0,1.0,1.0,0,0,0,50000.0,0.316227766016838
2,1,1778930587,1778930587,0,0.0,0.0,0.0,1.0,0,0,0,50000.0,0.0
2,1,1778930587,1778930587,0,0.0,0.0,0.0,0.0,0,0,0,60000.0,0.0
2,1,1778930587,1778930587,0,0.0,0.0,0.0,0.0,0,0,0,60000.0,0.0
2,1,1778930587,1778930587,0,0.0,0.0,0.0,0.0,0,0,0,60000.0,0.0
2,1,1778930587,1778930588,1,0.0,0.0,0.0,0.0,0,0,0,60000.0,0.0
2,1,1778930588,1778930588,0,0.0,0.0,1.0,1.0,0,0,0,50000.0,0.0
2,1,1778930588,1778930588,0,0.0,0.0,0.0,1.0,0,0,0,50000.0,0.0
2,1,1778930588,1778930588,0,0.0,0.0,0.0,0.0,0,0,0,50000.0,0.0
2,1,1778930588,1778930588,0,0.0,0.0,0.0,0.0,0,0,0,60000.0,0.0
2,1,1778930588,1778930588,0,0.0,0.0,0.0,0.0,0,0,0,75000.0,0.0
2,1,1778930588,1778930588,0,0.0,0.0,0.0,0.0,0,0,0,100000.0,0.0
2,1,1778930588,1778930588,0,0.0,0.0,0.0,0.0,0,0,0,100000.0,0.0
2,1,1778930588,1778930588,0,0.0,0.0,0.0,0.0,0,0,0,100000.0,0.0
2,1,1778930589,1778930590,1,1.0,0.0,1.0,1.0,0,0,0,75000.0,0.31622776601683794
2,1,1778930590,1778930590,0,0.0,0.0,1.0,2.0,0,0,0,60000.0,0.31622776601683794
2,1,1778930590,1778930590,0,0.0,0.0,0.0,1.0,0,0,0,60000.0,0.31622776601683794
2,1,1778930590,1778930590,0,0.0,0.0,0.0,0.0,0,0,0,75000.0,0.31622776601683794
2,1,1778930590,1778930590,0,0.0,0.0,0.0,0.0,0,0,0,75000.0,0.31622776601683794
2,1,1778930590,1778930590,0,0.0,0.0,0.0,0.0,0,0,0,75000.0,0.31622776601683794
2,1,1778930590,1778930590,0,0.0,0.0,0.0,0.0,0,0,0,75000.0,0.31622776601683794
2,1,1778930590,1778930590,0,0.0,0.0,0.0,0.0,0,0,0,75000.0,0.31622776601683794
2,1,1778930590,1778930590,0,0.0,0.0,0.0,0.0,0,0,0,75000.0,0.31622776601683794
2,1,1778930590,1778930591,1,0.0,0.0,0.0,0.0,0,0,0,75000.0,0.31622776601683794
2,1,1778930591,1778930591,0,0.0,0.0,1.0,1.0,0,0,0,60000.0,0.0
2,1,1778930591,1778930591,0,0.0,0.0,0.0,1.0,0,0,0,75000.0,0.0
2,1,1778930591,1778930591,0,0.0,0.0,0.0,0.0,0,0,0,75000.0,0.0
2,1,1778930591,1778930591,0,0.0,0.0,0.0,0.0,0,0,0,75000.0,0.0
2,1,1778930591,1778930591,0,0.0,0.0,0.0,0.0,0,0,0,75000.0,0.0
2,1,1778930591,1778930592,1,0.0,0.0,0.0,0.0,0,0,0,75000.0,0.0
2,1,1778930592,1778930592,0,0.0,0.0,1.0,1.0,0,0,0,60000.0,0.0
2,1,1778930592,1778930592,0,0.0,0.0,0.0,1.0,0,0,0,75000.0,0.0
2,1,1778930592,1778930592,0,0.0,0.0,0.0,0.0,0,0,0,75000.0,0.0
2,1,1778930592,1778930592,0,0.0,0.0,0.0,0.0,0,0,0,75000.0,0.0
2,1,1778930592,1778930592,0,0.0,0.0,0.0,0.0,0,0,0,75000.0,0.0
2,1,1778930592,1778930592,0,0.0,0.0,0.0,0.0,0,0,0,75000.0,0.0
2,1,1778930592,1778930592,0,0.0,0.0,0.0,0.0,0,0,0,75000.0,0.0
2,1,1778930593,1778930593,0,1.0,0.0,1.0,1.0,0,0,0,60000.0,0.31622776601683794
2,1,1778930593,1778930593,0,0.0,0.0,0.0,1.0,0,0,0,60000.0,0.31622776601683794
2,1,1778930593,1778930593,0,0.0,0.0,0.0,0.0,0,0,0,75000.0,0.31622776601683794
2,1,1778930593,1778930593,0,0.0,0.0,0.0,0.0,0,0,0,100000.0,0.31622776601683794
2,1,1778930593,1778930593,0,0.0,0.0,0.0,0.0,0,0,0,100000.0,0.31622776601683794
2,1,1778930593,1778930593,0,0.0,0.0,0.0,0.0,0,0,0,100000.0,0.31622776601683794
2,1,1778930594,1778930594,0,1.0,0.0,1.0,1.0,0,0,0,75000.0,0.4216370213557839
2,1,1778930594,1778930594,0,0.0,0.0,0.0,1.0,0,0,0,75000.0,0.4216370213557839
2,1,1778930594,1778930594,0,0.0,0.0,0.0,0.0,0,0,0,75000.0,0.4216370213557839
2,1,1778930594,1778930594,0,0.0,0.0,0.0,0.0,0,0,0,75000.0,0.4216370213557839
2,1,1778930594,1778930594,0,0.0,0.0,0.0,0.0,0,0,0,75000.0,0.31622776601683794
2,1,1778930594,1778930594,0,0.0,0.0,0.0,0.0,0,0,0,75000.0,0.31622776601683794
2,1,1778930595,1778930595,0,1.0,0.0,1.0,1.0,0,0,0,75000.0,0.4216370213557839
2,1,1778930595,1778930595,0,0.0,0.0,0.0,1.0,0,0,0,75000.0,0.4216370213557839
2,1,1778930595,1778930595,0,0.0,0.0,0.0,0.0,0,0,0,75000.0,0.4216370213557839
2,1,1778930595,1778930595,0,0.0,0.0,0.0,0.0,0,0,0,75000.0,0.4216370213557839
2,1,1778930595,1778930595,0,0.0,0.0,0.0,0.0,0,0,0,75000.0,0.31622776601683794
2,1,1778930595,1778930596,1,0.0,0.0,0.0,0.0,0,0,0,75000.0,0.31622776601683794
2,1,1778930596,1778930596,0,0.0,0.0,1.0,1.0,0,0,0,75000.0,0.31622776601683794
2,1,1778930596,1778930596,0,0.0,0.0,0.0,1.0,0,0,0,75000.0,0.31622776601683794
2,1,1778930596,1778930596,0,0.0,0.0,0.0,0.0,0,0,0,75000.0,0.31622776601683794
2,1,1778930596,1778930596,0,0.0,0.0,0.0,0.0,0,0,0,75000.0,0.31622776601683794
2,1,1778930597,1778930597,0,1.0,0.0,1.0,1.0,0,0,0,60000.0,0.31622776601683794
2,1,1778930597,1778930597,0,0.0,0.0,0.0,1.0,0,0,0,60000.0,0.31622776601683794
2,1,1778930597,1778930597,0,0.0,0.0,0.0,0.0,0,0,0,60000.0,0.31622776601683794
2,1,1778930597,1778930597,0,0.0,0.0,0.0,0.0,0,0,0,75000.0,0.31622776601683794
2,1,1778930597,1778930598,1,0.0,0.0,0.0,0.0,0,0,0,75000.0,0.31622776601683794
2,1,1778930598,1778930598,0,0.0,0.0,1.0,1.0,0,0,0,60000.0,0.31622776601683794
2,1,1778930598,1778930598,0,0.0,0.0,0.0,1.0,0,0,0,60000.0,0.31622776601683794
2,1,1778930598,1778930598,0,0.0,0.0,0.0,0.0,0,0,0,60000.0,0.31622776601683794
2,1,1778930598,1778930598,0,0.0,0.0,0.0,0.0,0,0,0,60000.0,0.31622776601683794
2,1,1778930598,1778930598,0,0.0,0.0,0.0,0.0,0,0,0,75000.0,0.31622776601683794
2,1,1778930598,1778930599,1,0.0,0.0,0.0,0.0,0,0,0,75000.0,0.0
2,1,1778930599,1778930599,0,0.0,0.0,1.0,1.0,0,0,0,60000.0,0.0
2,1,1778930599,1778930599,0,0.0,0.0,0.0,1.0,0,0,0,60000.0,0.0
2,1,1778930599,1778930599,0,0.0,0.0,0.0,0.0,0,0,0,60000.0,0.0
2,1,1778930599,1778930599,0,0.0,0.0,0.0,0.0,0,0,0,60000.0,0.0
2,1,1778930599,1778930599,0,0.0,0.0,0.0,0.0,0,0,0,75000.0,0.0
2,1,1778930599,1778930599,0,0.0,0.0,0.0,0.0,0,0,0,75000.0,0.0
2,1,1778930599,1778930599,0,0.0,0.0,0.0,0.0,0,0,0,75000.0,0.0
2,1,1778930599,1778930600,1,0.0,0.0,0.0,0.0,0,0,0,75000.0,0.0
2,1,1778930600,1778930600,0,0.0,0.0,1.0,1.0,0,0,0,60000.0,0.0
2,1,1778930600,1778930600,0,0.0,0.0,0.0,1.0,0,0,0,60000.0,0.0
2,1,1778930600,1778930600,0,0.0,0.0,0.0,0.0,0,0,0,75000.0,0.0
2,1,1778930600,1778930600,0,0.0,0.0,0.0,0.0,0,0,0,75000.0,0.0
2,1,1778930600,1778930601,1,0.0,0.0,0.0,0.0,0,0,0,75000.0,0.0
2,1,1778930601,1778930601,0,0.0,0.0,1.0,1.0,0,0,0,60000.0,0.0
2,1,1778930601,1778930601,0,0.0,0.0,0.0,1.0,0,0,0,75000.0,0.0
2,1,1778930602,1778930602,0,1.0,0.0,1.0,1.0,1,0,0,60000.0,0.31622776601683794
2,1,1778930603,1778930603,0,1.0,0.0,1.0,2.0,0,0,0,50000.0,0.4216370213557839
2,1,1778930603,1778930604,1,0.0,0.0,0.0,1.0,0,0,0,50000.0,0.4216370213557839
2,1,1778930603,1778930603,0,-1.0,1.0,0.0,0.0,0,0,0,50000.0,0.5676462121975467
2,1,1778930604,1778930604,0,1.0,0.0,1.0,1.0,0,0,0,50000.0,0.6324555320336759
2,1,1778930604,1778930604,0,0.0,0.0,0.0,1.0,0,0,0,50000.0,0.6324555320336759
2,1,1778930604,1778930604,0,0.0,0.0,0.0,0.0,0,0,0,50000.0,0.6324555320336759
2,1,1778930605,1778930605,0,1.0,0.0,1.0,1.0,0,0,0,42857.142857142855,0.674948557710553
2,1,1778930605,1778930605,0,0.0,0.0,0.0,1.0,0,0,0,42857.142857142855,0.674948557710553
2,1,1778930605,1778930605,0,0.0,0.0,0.0,0.0,0,0,0,42857.142857142855,0.674948557710553
2,1,1778930605,1778930605,0,0.0,0.0,0.0,0.0,0,0,0,50000.0,0.6324555320336759
2,1,1778930605,1778930605,0,0.0,0.0,0.0,0.0,0,0,0,50000.0,0.5676462121975467
2,1,1778930605,1778930605,0,0.0,0.0,0.0,0.0,0,0,0,50000.0,0.5676462121975467
2,1,1778930606,1778930606,0,1.0,0.0,1.0,1.0,0,0,0,42857.142857142855,0.48304589153964794
2,1,1778930606,1778930606,0,0.0,0.0,0.0,1.0,0,0,0,42857.142857142855,0.42163702135578396
2,1,1778930606,1778930606,0,0.0,0.0,0.0,0.0,0,0,0,42857.142857142855,0.42163702135578396
2,1,1778930606,1778930606,0,0.0,0.0,0.0,0.0,0,0,0,42857.142857142855,0.42163702135578396
2,1,1778930606,1778930606,0,0.0,0.0,0.0,0.0,0,0,0,42857.142857142855,0.316227766016838
2,1,1778930606,1778930606,0,0.0,0.0,0.0,0.0,0,0,0,50000.0,0.316227766016838
2,1,1778930606,1778930606,0,0.0,0.0,0.0,0.0,0,0,0,50000.0,0.316227766016838
2,1,1778930606,1778930606,0,0.0,0.0,0.0,0.0,0,0,0,50000.0,0.316227766016838
2,1,1778930607,1778930607,0,1.0,0.0,1.0,1.0,0,0,0,42857.142857142855,0.42163702135578396
2,1,1778930607,1778930607,0,0.0,0.0,0.0,1.0,0,0,0,42857.142857142855,0.42163702135578396
2,1,1778930607,1778930607,0,0.0,0.0,0.0,0.0,0,0,0,50000.0,0.316227766016838
2,1,1778930607,1778930607,0,0.0,0.0,0.0,0.0,0,0,0,50000.0,0.316227766016838
2,1,1778930607,1778930607,0,0.0,0.0,0.0,0.0,0,0,0,60000.0,0.316227766016838
2,1,1778930607,1778930607,0,0.0,0.0,0.0,0.0,0,0,0,75000.0,0.316227766016838
2,1,1778930607,1778930607,0,0.0,0.0,0.0,0.0,0,0,0,75000.0,0.316227766016838
2,1,1778930608,1778930608,0,1.0,0.0,1.0,1.0,0,0,0,60000.0,0.42163702135578396
2,1,1778930608,1778930608,0,0.0,0.0,0.0,1.0,0,0,0,75000.0,0.42163702135578396
2,1,1778930608,1778930608,0,0.0,0.0,0.0,0.0,0,0,0,75000.0,0.42163702135578396
2,1,1778930608,1778930608,0,0.0,0.0,0.0,0.0,0,0,0,75000.0,0.316227766016838
2,1,1778930608,1778930608,0,0.0,0.0,0.0,0.0,0,0,0,100000.0,0.316227766016838
2,1,1778930608,1778930609,1,0.0,0.0,0.0,0.0,0,0,0,100000.0,0.316227766016838
2,1,1778930609,1778930609,0,0.0,0.0,1.0,1.0,0,0,0,75000.0,0.316227766016838
2,1,1778930609,1778930609,0,0.0,0.0,0.0,1.0,0,0,0,75000.0,0.316227766016838
2,1,1778930609,1778930609,0,0.0,0.0,0.0,0.0,0,0,0,75000.0,0.316227766016838
2,1,1778930609,1778930609,0,0.0,0.0,0.0,0.0,0,0,0,75000.0,0.316227766016838
2,1,1778930609,1778930609,0,0.0,0.0,0.0,0.0,0,0,0,100000.0,0.0
2,1,1778930609,1778930609,0,0.0,0.0,0.0,0.0,0,0,0,100000.0,0.0
2,1,1778930609,1778930609,0,0.0,0.0,0.0,0.0,0,0,0,100000.0,0.0
2,1,1778930609,1778930609,0,0.0,0.0,0.0,0.0,0,0,0,100000.0,0.0
2,1,1778930609,1778930609,0,0.0,0.0,0.0,0.0,0,0,0,100000.0,0.0
2,1,1778930609,1778930610,1,0.0,0.0,0.0,0.0,0,0,0,100000.0,0.0
2,1,1778930610,1778930610,0,0.0,0.0,1.0,1.0,0,0,0,75000.0,0.0
2,1,1778930610,1778930610,0,0.0,0.0,0.0,1.0,0,0,0,75000.0,0.0
2,1,1778930610,1778930610,0,0.0,0.0,0.0,0.0,0,0,0,100000.0,0.0
2,1,1778930610,1778930610,0,0.0,0.0,0.0,0.0,0,0,0,100000.0,0.0
2,1,1778930610,1778930610,0,0.0,0.0,0.0,0.0,0,0,0,100000.0,0.0
2,1,1778930611,1778930611,0,1.0,0.0,1.0,1.0,0,0,0,75000.0,0.31622776601683794
2,1,1778930611,1778930611,0,0.0,0.0,0.0,1.0,0,0,0,75000.0,0.31622776601683794
2,1,1778930612,1778930612,0,1.0,0.0,1.0,1.0,0,0,0,60000.0,0.4216370213557839
2,1,1778930612,1778930612,0,0.0,0.0,0.0,1.0,0,0,0,60000.0,0.4216370213557839
2,1,1778930612,1778930612,0,0.0,0.0,0.0,0.0,0,0,0,75000.0,0.4216370213557839
2,1,1778930612,1778930612,0,0.0,0.0,0.0,0.0,0,0,0,75000.0,0.4216370213557839
2,1,1778930612,1778930612,0,0.0,0.0,0.0,0.0,0,0,0,75000.0,0.4216370213557839
2,1,1778930612,1778930612,0,0.0,0.0,0.0,0.0,0,0,0,75000.0,0.4216370213557839
2,1,1778930612,1778930612,0,0.0,0.0,0.0,0.0,0,0,0,75000.0,0.4216370213557839
2,1,1778930612,1778930612,0,0.0,0.0,0.0,0.0,0,0,0,75000.0,0.4216370213557839
2,1,1778930612,1778930612,0,0.0,0.0,0.0,0.0,0,0,0,100000.0,0.31622776601683794
2,1,1778930612,1778930613,1,0.0,0.0,0.0,0.0,0,0,0,100000.0,0.31622776601683794
2,1,1778930612,1778930613,1,-1.0,1.0,0.0,0.0,0,0,0,100000.0,0.31622776601683794
2,1,1778930613,1778930613,0,0.0,0.0,1.0,1.0,0,0,0,75000.0,0.31622776601683794
2,1,1778930613,1778930613,0,0.0,0.0,0.0,1.0,0,0,0,75000.0,0.31622776601683794
2,1,1778930613,1778930613,0,0.0,0.0,0.0,0.0,0,0,0,75000.0,0.31622776601683794
2,1,1778930613,1778930613,0,0.0,0.0,0.0,0.0,0,0,0,75000.0,0.31622776601683794
2,1,1778930614,1778930614,0,1.0,0.0,1.0,1.0,1,0,0,60000.0,0.4714045207910317
2,1,1778930615,1778930615,0,1.0,0.0,1.0,2.0,0,0,0,50000.0,0.5676462121975466
2,1,1778930615,1778930616,1,0.0,0.0,0.0,1.0,0,0,0,50000.0,0.5676462121975466
2,1,1778930616,1778930616,0,0.0,0.0,1.0,1.0,0,0,0,50000.0,0.5676462121975466
2,1,1778930616,1778930616,0,0.0,0.0,0.0,1.0,0,0,0,50000.0,0.5676462121975466
2,1,1778930616,1778930616,0,0.0,0.0,0.0,0.0,0,0,0,50000.0,0.4216370213557839
2,1,1778930616,1778930616,0,0.0,0.0,0.0,0.0,0,0,0,50000.0,0.4216370213557839
2,1,1778930616,1778930616,0,0.0,0.0,0.0,0.0,0,0,0,50000.0,0.4216370213557839
2,1,1778930616,1778930616,0,0.0,0.0,0.0,0.0,0,0,0,60000.0,0.4216370213557839
2,1,1778930617,1778930617,0,1.0,0.0,1.0,1.0,0,0,0,50000.0,0.4830458915396479
2,1,1778930617,1778930617,0,0.0,0.0,0.0,1.0,0,0,0,60000.0,0.4216370213557839
2,1,1778930617,1778930617,0,0.0,0.0,0.0,0.0,0,0,0,60000.0,0.31622776601683794
2,1,1778930617,1778930617,0,0.0,0.0,0.0,0.0,0,0,0,60000.0,0.31622776601683794
2,1,1778930617,1778930617,0,0.0,0.0,0.0,0.0,0,0,0,60000.0,0.31622776601683794
2,1,1778930617,1778930617,0,0.0,0.0,0.0,0.0,0,0,0,60000.0,0.31622776601683794
2,1,1778930617,1778930618,1,0.0,0.0,0.0,0.0,0,0,0,60000.0,0.31622776601683794
2,1,1778930618,1778930618,0,0.0,0.0,1.0,1.0,0,0,0,50000.0,0.31622776601683794
2,1,1778930618,1778930618,0,0.0,0.0,0.0,1.0,0,0,0,50000.0,0.31622776601683794
2,1,1778930618,1778930618,0,0.0,0.0,0.0,0.0,0,0,0,50000.0,0.31622776601683794
2,1,1778930618,1778930618,0,0.0,0.0,0.0,0.0,0,0,0,50000.0,0.0
2,1,1778930618,1778930618,0,0.0,0.0,0.0,0.0,0,0,0,50000.0,0.0
2,1,1778930618,1778930618,0,0.0,0.0,0.0,0.0,0,0,0,60000.0,0.0
2,1,1778930618,1778930618,0,0.0,0.0,0.0,0.0,0,0,0,60000.0,0.0
2,1,1778930618,1778930618,0,0.0,0.0,0.0,0.0,0,0,0,60000.0,0.0
2,1,1778930618,1778930618,0,0.0,0.0,0.0,0.0,0,0,0,60000.0,0.0
2,1,1778930619,1778930619,0,1.0,0.0,1.0,1.0,0,0,0,60000.0,0.31622776601683794
2,1,1778930619,1778930619,0,0.0,0.0,0.0,1.0,0,0,0,75000.0,0.31622776601683794
2,1,1778930619,1778930619,0,0.0,0.0,0.0,0.0,0,0,0,75000.0,0.31622776601683794
2,1,1778930619,1778930619,0,0.0,0.0,0.0,0.0,0,0,0,100000.0,0.31622776601683794
2,1,1778930619,1778930619,0,0.0,0.0,0.0,0.0,0,0,0,100000.0,0.31622776601683794
2,1,1778930620,1778930620,0,1.0,0.0,1.0,1.0,0,0,0,75000.0,0.4216370213557839
2,1,1778930620,1778930620,0,0.0,0.0,0.0,1.0,0,0,0,75000.0,0.4216370213557839
2,1,1778930620,1778930620,0,0.0,0.0,0.0,0.0,0,0,0,75000.0,0.4216370213557839
2,1,1778930620,1778930620,0,0.0,0.0,0.0,0.0,0,0,0,75000.0,0.4216370213557839
2,1,1778930620,1778930621,1,0.0,0.0,0.0,0.0,0,0,0,100000.0,0.4216370213557839
2,1,1778930621,1778930621,0,0.0,0.0,1.0,1.0,0,0,0,75000.0,0.31622776601683794
2,1,1778930621,1778930621,0,0.0,0.0,0.0,1.0,0,0,0,75000.0,0.31622776601683794
2,1,1778930621,1778930621,0,0.0,0.0,0.0,0.0,0,0,0,75000.0,0.31622776601683794
2,1,1778930621,1778930621,0,0.0,0.0,0.0,0.0,0,0,0,75000.0,0.31622776601683794
2,1,1778930621,1778930621,0,0.0,0.0,0.0,0.0,0,0,0,75000.0,0.31622776601683794
2,1,1778930622,1778930622,0,1.0,0.0,1.0,1.0,0,0,0,60000.0,0.31622776601683794
2,1,1778930622,1778930622,0,0.0,0.0,0.0,1.0,0,0,0,75000.0,0.31622776601683794
2,1,1778930622,1778930622,0,0.0,0.0,0.0,0.0,0,0,0,75000.0,0.31622776601683794
2,1,1778930622,1778930622,0,0.0,0.0,0.0,0.0,0,0,0,75000.0,0.31622776601683794
2,1,1778930622,1778930622,0,0.0,0.0,0.0,0.0,0,0,0,75000.0,0.31622776601683794
2,1,1778930622,1778930622,0,0.0,0.0,0.0,0.0,0,0,0,75000.0,0.31622776601683794
2,1,1778930622,1778930622,0,0.0,0.0,0.0,0.0,0,0,0,75000.0,0.31622776601683794
2,1,1778930622,1778930622,0,0.0,0.0,0.0,0.0,0,0,0,75000.0,0.31622776601683794
2,1,1778930622,1778930623,1,0.0,0.0,0.0,0.0,0,0,0,75000.0,0.31622776601683794
2,1,1778930623,1778930623,0,0.0,0.0,1.0,1.0,0,0,0,60000.0,0.31622776601683794
2,1,1778930623,1778930623,0,0.0,0.0,0.0,1.0,0,0,0,75000.0,0.0
2,1,1778930623,1778930623,0,0.0,0.0,0.0,0.0,0,0,0,75000.0,0.0
2,1,1778930623,1778930623,0,0.0,0.0,0.0,0.0,0,0,0,75000.0,0.0
2,1,1778930623,1778930623,0,0.0,0.0,0.0,0.0,0,0,0,75000.0,0.0
2,1,1778930623,1778930623,0,0.0,0.0,0.0,0.0,0,0,0,75000.0,0.0
2,1,1778930623,1778930623,0,0.0,0.0,0.0,0.0,0,0,0,100000.0,0.0
2,1,1778930623,1778930624,1,0.0,0.0,0.0,0.0,0,0,0,100000.0,0.0
2,1,1778930624,1778930624,0,0.0,0.0,1.0,1.0,0,0,0,75000.0,0.0
2,1,1778930624,1778930624,0,0.0,0.0,0.0,1.0,0,0,0,75000.0,0.0
2,1,1778930624,1778930624,0,0.0,0.0,0.0,0.0,0,0,0,75000.0,0.0
2,1,1778930624,1778930624,0,0.0,0.0,0.0,0.0,0,0,0,100000.0,0.0
2,1,1778930624,1778930624,0,0.0,0.0,0.0,0.0,0,0,0,100000.0,0.0
2,1,1778930625,1778930625,0,1.0,0.0,1.0,1.0,1,0,0,75000.0,0.31622776601683794
